Colleges,Rating,Reviews,NIRF_Ranking,City,State,Ownership,Fees,BTech_Courses,MTech_Courses
IIT Madras - Indian Institute of Technology Madras,4.7,114, 1, Chennai,Tamil Nadu,Public/Govt,₹8.58 Lakhs,11 ,30 
IIT Delhi - Indian Institute of Technology Delhi,4.6,265, 2, New Delhi,Delhi,Public/Govt,₹8.58 Lakhs,14 ,48 
IIT Bombay - Indian Institute of Technology Bombay,4.6,161, 3, Mumbai,Maharashtra,Public/Govt,₹8.69 Lakhs,11 ,42 
IIT Kanpur - Indian Institute of Technology Kanpur,4.4,156, 4, Kanpur,Uttar Pradesh,Public/Govt,₹11.67 Lakhs,9 ,40 
IIT Kharagpur - Indian Institute of Technology Kharagpur,4.7,323, 5, Kharagpur,West Bengal,Public/Govt,₹10.42 Lakhs,16 ,62 
IIT Roorkee - Indian Institute of Technology Roorkee,4.4,407, 6, Roorkee,Uttarakhand,Public/Govt,₹8.90 Lakhs,13 ,54 
IIT Guwahati (IITG) - Indian Institute of Technology Guwahati,4.3,186, 7, Guwahati,Assam,Public/Govt,₹11.99 Lakhs,12 ,28 
IIT Hyderabad - Indian Institute of Technology Hyderabad,4.6,27, 8, Hyderabad,Telangana,Public/Govt,₹9.08 Lakhs,15 ,38 
NIT Trichy - National Institute of Technology Tiruchirappalli,4.4,304, 9, Tiruchirappalli,Tamil Nadu,Public/Govt,₹6.30 Lakhs,9 ,23 
IIT BHU - Indian Institute of Technology Banaras Hindu University Varanasi,4.6,160, 10, Varanasi,Uttar Pradesh,Public/Govt,₹8.58 Lakhs,9 ,34 
"VIT Vellore - Vellore Institute of Technology, Vellore",4.4,787, 11, Vellore,Tamil Nadu,Private,,15 ,23 
"Jadavpur University, Kolkata",4.6,222, 12, Kolkata,West Bengal,Public/Govt,,18 ,34 
"SRM University Chennai - SRM Institute of Science and Technology, Chennai",4.3,727, 13, Chennai,Tamil Nadu,Private,₹11 Lakhs,54 ,34 
"Anna University, Chennai",4.8,43, 14, Chennai,Tamil Nadu,Public/Govt,₹2.20 Lakhs,8 ,44 
IIT (ISM) Dhanbad - Indian Institute of Technology Indian School of Mines Dhanbad,4.3,190, 15, Dhanbad,Jharkhand,Public/Govt,₹10.95 Lakhs,13 ,19 
IIT Indore - Indian Institute of Technology Indore,4.6,36, 16, Indore,Madhya Pradesh,Public/Govt,,9 ,15 
NIT Surathkal (NITK) - National Institute of Technology Karnataka Surathkal,4.4,95, 17, Mangalore,Karnataka,Public/Govt,₹5.72 Lakhs,12 ,55 
IIT Gandhinagar (IIT GN) - Indian Institute of Technology Gandhinagar,4.4,18, 18, Gandhinagar,Gujarat,Public/Govt,₹8.67 Lakhs,10 ,
NIT Rourkela - National Institute of Technology Rourkela,4.6,340, 19, Rourkela,Odisha,Public/Govt,₹6.28 Lakhs,15 ,54 
"BITS Pilani - Birla Institute of Technology and Science, Pilani",4.5,264, 20, Pilani,Rajasthan,Private,₹22.32 Lakhs,7 ,31 
NIT Warangal - National Institute of Technology Warangal,4.6,142, 21, Warangal,Telangana,Public/Govt,₹5.74 Lakhs,11 ,33 
IIT Ropar (IIT-RPR) - Indian Institute of Technology Ropar,4.5,126, 22, Rupnagar,Punjab,Public/Govt,₹9.36 Lakhs,9 ,
"Amrita Vishwa Vidyapeetham, Coimbatore",4.3,121, 23, Coimbatore,Tamil Nadu,Private,₹24 Lakhs,11 ,19 
"JMI New Delhi - Jamia Millia Islamia, New Delhi",4.5,384, 24, New Delhi,Delhi,Public/Govt,₹64.60 K,5 ,15 
NIT Calicut - National Institute of Technology Calicut,4.4,132, 25, Kozhikode,Kerala,Public/Govt,₹6.23 Lakhs,10 ,28 
"Siksha 'O' Anusandhan, Bhubaneswar",4.0,148, 26, Bhubaneswar,Odisha,Private,₹11.05 Lakhs,18 ,
"DTU Delhi - Delhi Technological University, Delhi",4.5,417, 27, New Delhi,Delhi,Public/Govt,,21 ,36 
IIT Jodhpur - Indian Institute of Technology Jodhpur,4.3,51, 28, Jodhpur,Rajasthan,Public/Govt,₹10.25 Lakhs,8 ,17 
"Thapar University - Thapar Institute of Engineering and Technology, Patiala",4.3,290, 29, Patiala,Punjab,Private,₹20.15 Lakhs,31 ,15 
"Amity University, Noida",4.1,392, 30, Noida,Uttar Pradesh,Private,₹8.64 Lakhs,13 ,24 
IIT Mandi - Indian Institute of Technology Mandi,4.4,27, 31, Mandi,Himachal Pradesh,Public/Govt,₹8.63 Lakhs,11 ,37 
"Chandigarh University - Chandigarh University, Chandigarh",4.3,826, 32, Chandigarh,Chandigarh,Private,₹10.75 Lakhs,35 ,
"AMU Aligarh - Aligarh Muslim University, Aligarh",4.7,405, 33, Aligarh,Uttar Pradesh,Public/Govt,,12 ,23 
IIT Patna - Indian Institute of Technology Patna,4.7,52, 34, Patna,Bihar,Public/Govt,₹9.85 Lakhs,11 ,15 
"KL University Guntur - Koneru Lakshmaiah Education Foundation, Guntur",4.4,129, 35, Guntur,Andhra Pradesh,Private,₹9.95 Lakhs,18 ,18 
"Kalasalingam Academy of Research and Education, Virudhunagar",3.8,30, 36, Virudhunagar,Tamil Nadu,Private,₹5.31 Lakhs,18 ,12 
"KIIT University - Kalinga Institute of Industrial Technology, Bhubaneswar",4.3,538, 37, Bhubaneswar,Odisha,Private,₹14.91 Lakhs,18 ,14 
"SASTRA University Thanjavur - Shanmugha Arts Science Technology Research and Academy, Thanjavur",4.2,179, 38, Thanjavur,Tamil Nadu,Private,,28 ,
VNIT Nagpur - Visvesvaraya National Institute of Technology Nagpur,4.2,121, 39, Nagpur,Maharashtra,Public/Govt,₹5.50 Lakhs,8 ,22 
NIT Silchar - National Institute of Technology Silchar,4.3,164, 40, Silchar,Assam,Public/Govt,₹6.00 Lakhs,6 ,19 
"ICT Mumbai - Institute of Chemical Technology, Mumbai",4.5,25, 41, Mumbai,Maharashtra,Public/Govt,₹7.20 Lakhs,8 ,
MNIT Jaipur - Malaviya National Institute of Technology Jaipur,4.3,273, 43, Jaipur,Rajasthan,Public/Govt,₹6.17 Lakhs,8 ,23 
NIT Durgapur - National Institute of Technology Durgapur,4.1,165, 44, Durgapur,West Bengal,Public/Govt,₹6.25 Lakhs,9 ,24 
NIT Delhi - National Institute of Technology Delhi,4.0,74, 45, New Delhi,Delhi,Public/Govt,₹6.58 Lakhs,9 ,10 
"SSN College of Engineering - Sri Sivasubramaniya Nadar College of Engineering, Kalavakkam",4.6,65, 46, Kelambakkam,Tamil Nadu,Private,,8 ,9 
"IIIT Hyderabad - International Institute of Information Technology, Hyderabad",4.5,34, 47, Hyderabad,Telangana,Private,₹16 Lakhs,2 ,
"Birla Institute of Technology, Mesra (BIT Mesra) - Birla Institute of Technology, Mesra",4.2,211, 48, Pilani,Rajasthan,Private,₹15.74 Lakhs,11 ,28 
IIEST Shibpur - Indian Institute of Engineering Science and Technology Shibpur,4.3,141, 49, Howrah,West Bengal,Public/Govt,₹5.44 Lakhs,9 ,29 
"LPU Jalandhar - Lovely Professional University, Phagwara",4.4,1135, 50, Phagwara,Punjab,Private,₹16.36 Lakhs,54 ,13 
"IIST Thiruvananthapuram - Indian Institute of Space Science and Technology, Thiruvananthapuram",4.5,15, 51, Thiruvananthapuram,Kerala,Public/Govt,₹5.48 Lakhs,3 ,16 
"Graphic Era University, Dehradun",4.1,189, 52, Dehradun,Uttarakhand,Private,₹16.74 Lakhs,26 ,5 
IIT Bhubaneswar - Indian Institute of Technology Bhubaneswar,4.3,32, 54, Bhubaneswar,Odisha,Public/Govt,₹8.94 Lakhs,7 ,15 
NIT Patna - National Institute of Technology Patna,4.0,64, 55, Patna,Bihar,Public/Govt,₹6.02 Lakhs,7 ,21 
"MIT Manipal - Manipal Institute of Technology, Manipal",4.2,190, 56, Manipal,Karnataka,Private,₹19.48 Lakhs,41 ,31 
"NSUT Delhi - Netaji Subhas University of Technology, New Delhi",4.4,169, 57, New Delhi,Delhi,Public/Govt,₹9.38 Lakhs,19 ,19 
NIT Jalandhar - Dr B R Ambedkar National Institute of Technology Jalandhar,4.0,282, 58, Jalandhar,Punjab,Public/Govt,₹6.36 Lakhs,14 ,47 
SVNIT Surat - Sardar Vallabhbhai National Institute of Technology Surat,4.2,105, 59, Surat,Gujarat,Public/Govt,₹5.83 Lakhs,11 ,44 
MNNIT Allahabad - Motilal Nehru National Institute of Technology Allahabad Prayagraj,4.5,296, 60, Allahabad,Uttar Pradesh,Public/Govt,₹6.52 Lakhs,11 ,25 
IIT Tirupati - Indian Institute of Technology Tirupati,4.6,16, 61, Tirupati,Andhra Pradesh,Public/Govt,₹8.90 Lakhs,6 ,
IIT Jammu - Indian Institute of Technology Jammu,4.4,25, 62, Jammu,Jammu and,Public/Govt,₹8.19 Lakhs,7 ,8 
"DIAT Pune - Defence Institute of Advanced Technology, Pune",4.8,2, 63, Pune,Maharashtra,Public/Govt,₹1.44 Lakhs,,30 
"Manipal University, Jaipur",4.2,396, 64, Jaipur,Rajasthan,Private,₹15.02 Lakhs,29 ,12 
IIT Palakkad - Indian Institute of Technology Palakkad,4.1,21, 64, Palakkad,Kerala,Public/Govt,₹8.93 Lakhs,5 ,
"Sathyabama University - Sathyabama Institute of Science and Technology, Chennai",4.2,162, 66, Chennai,Tamil Nadu,Private,,24 ,14 
"PSG Tech Coimbatore - PSG College of Technology, Coimbatore",4.5,133, 67, Coimbatore,Tamil Nadu,Private,,19 ,15 
NIT Meghalaya - National Institute of Technology Meghalaya,4.0,21, 68, Shillong,Meghalaya,Public/Govt,₹5.78 Lakhs,5 ,9 
"Visvesvaraya Technological University, Belagavi",4.8,24, 69, Belgaum,Karnataka,Public/Govt,₹10 Lakhs,18 ,58 
"University of Hyderabad - University of Hyderabad, Hyderabad",4.8,37, 70, Hyderabad,Telangana,Public/Govt,₹2.64 Lakhs,,13 
NIT Raipur - National Institute of Technology Raipur,4.0,184, 71, Raipur,Chhattisgarh,Public/Govt,₹5.49 Lakhs,11 ,
MANIT Bhopal - Maulana Azad National Institute of Technology Bhopal,4.1,140, 72, Bhopal,Madhya Pradesh,Public/Govt,₹5.73 Lakhs,7 ,30 
IIT Bhilai - Indian Institute of Technology Bhilai,4.0,31, 73, Bhilai,Chhattisgarh,Public/Govt,₹8.92 Lakhs,7 ,11 
IIIT Bangalore - International Institute of Information Technology Bangalore,4.8,17, 74, Bangalore,Karnataka,Public/Govt,₹9.20 Lakhs,,2 
"MSRIT Bangalore - Ramaiah Institute of Technology, Bangalore",4.1,129, 75, Bangalore,Karnataka,Private,₹4.49 Lakhs,17 ,11 
"SLIET - Sant Longowal Institute of Engineering and Technology, Longowal",4.5,300, 76, Longowal,Punjab,Public/Govt,₹2.83 Lakhs,15 ,
"COEP Pune - COEP Technological University, Pune",4.3,77, 77, Pune,Maharashtra,Public/Govt,₹2.62 Lakhs,11 ,27 
"Banasthali Vidyapith, Banasthali",4.5,568, 78, Pilani,Rajasthan,Private,₹6.16 Lakhs,10 ,9 
NIT Srinagar - National Institute of Technology Srinagar,3.9,41, 79, Srinagar,Jammu and,Public/Govt,₹5.92 Lakhs,8 ,14 
"RGIPT Amethi - Rajiv Gandhi Institute of Petroleum Technology, Amethi",4.4,37, 80, Amethi,Uttar Pradesh,Public/Govt,₹6.57 Lakhs,13 ,
NIT Kurukshetra - National Institute of Technology Kurukshetra,4.2,197, 81, Kurukshetra,Haryana,Public/Govt,₹6.60 Lakhs,14 ,19 
NIT Agartala - National Institute of Technology Agartala,4.3,94, 82, Agartala,Tripura,Public/Govt,₹5.63 Lakhs,9 ,25 
"SKCET Coimbatore - Sri Krishna College of Engineering and Technology, Coimbatore",4.6,33, 83, Coimbatore,Tamil Nadu,Private,₹2.25 Lakhs,11 ,
"MMMUT Gorakhpur - Madan Mohan Malaviya University of Technology, Gorakhpur",4.2,172, 84, Gorakhpur,Uttar Pradesh,Public/Govt,₹3.32 Lakhs,15 ,13 
"IIIT Delhi - Indraprastha Institute of Information Technology, Delhi",4.4,51, 85, New Delhi,Delhi,Public/Govt,₹8 Lakhs,8 ,10 
"Vel Tech Chennai - Vel Tech Rangarajan Dr Sagunthala R and D Institute of Science and Technology, Chennai",4.1,78, 86, Chennai,Tamil Nadu,Private,₹11.60 Lakhs,40 ,
IIIT Allahabad - Indian Institute of Information Technology Allahabad,4.5,78, 87, Allahabad,Uttar Pradesh,Public/Govt,₹7.25 Lakhs,5 ,13 
"GGSIPU Delhi - Guru Gobind Singh Indraprastha University, Delhi",4.2,116, 89, New Delhi,Delhi,Public/Govt,₹7.44 Lakhs,15 ,6 
"Andhra University College of Engineering, Visakhapatnam",4.7,41, 90, Visakhapatnam,Andhra Pradesh,Public/Govt,,13 ,27 
"Vignan's Foundation for Science Technology and Research, Guntur",4.1,68, 91, Guntur,Andhra Pradesh,Private,₹10.60 Lakhs,39 ,10 
"Shoolini University Solan - Shoolini University of Biotechnology and Management Sciences, Solan",4.4,171, 92, Solan,Himachal Pradesh,Private,₹3.60 Lakhs,25 ,4 
"Christ University - Christ University, Bangalore",4.2,431, 93, Bangalore,Karnataka,Private,₹9.45 Lakhs,,
"Chitkara University - Chitkara University, Patiala",4.2,311, 94, Patiala,Punjab,Private,₹9 Lakhs,17 ,
"Jain Deemed to be University, Bangalore - Jain Deemed to be University, Bangalore",4.1,126, 95, Bangalore,Karnataka,Private,₹12.05 Lakhs,48 ,17 
"CV Raman Global University, Bhubaneswar",3.7,117, 96, Bhubaneswar,Odisha,Private,₹9.14 Lakhs,19 ,11 
NIT Puducherry - National Institute of Technology Puducherry Karaikal,3.7,8, 97, Thiruvettakudy,Puducherry,Public/Govt,₹5.40 Lakhs,5 ,9 
"SR University, Warangal",4.6,13, 98, Warangal,Telangana,Private,₹4.55 Lakhs,15 ,
"RVCE Bangalore - RV College of Engineering, Bangalore",4.2,129, 99, Bangalore,Karnataka,Private,₹3.86 Lakhs,15 ,
"SIT Tumkur - Siddaganga Institute of Technology, Tumkur",3.6,66, 100, Tumkur,Karnataka,Private,₹4.02 Lakhs,13 ,
"JNTUK Kakinada - Jawaharlal Nehru Technological University, Kakinada",4.4,17, 101-150, Kakinada,Andhra Pradesh,Public/Govt,₹2.79 Lakhs,9 ,113 
"Karunya University - Karunya Institute of Technology and Sciences, Coimbatore",3.9,104, 101-150, Coimbatore,Tamil Nadu,Private,₹11.84 Lakhs,53 ,12 
"PEC Chandigarh - Punjab Engineering College, Chandigarh",3.9,127, 101-150, Chandigarh,Chandigarh,Public/Govt,,12 ,19 
"JNTUK Kakinada - Jawaharlal Nehru Technological University, Kakinada",4.4,17, 101-150, Kakinada,Andhra Pradesh,Public/Govt,₹2.79 Lakhs,9 ,113 
"GRIET Hyderabad - Gokaraju Rangaraju Institute of Engineering and Technology, Hyderabad",4.2,107, 101-150, Hyderabad,Telangana,Private,₹5.45 Lakhs,11 ,6 
"TCE Madurai - Thiagarajar College of Engineering, Madurai",4.5,34, 101-150, Madurai,Tamil Nadu,Private,,9 ,
"NIFTEM-T - National Institute of Food Technology, Entrepreneurship and Management, Thanjavur",4.5,2, 101-150, Thanjavur,Tamil Nadu,Public/Govt,₹6.21 Lakhs,,3 
"KPRIET Coimbatore - KPR Institute of Engineering and Technology, Coimbatore",4.6,39, 101-150, Coimbatore,Tamil Nadu,Private,₹1.10 Lakhs,12 ,
NIT Uttarakhand (NIT UK) - National Institute of Technology Uttarakhand,4.3,58, 101-150, Srinagar,Uttarakhand,Public/Govt,₹5.77 Lakhs,5 ,16 
"CIT Coimbatore - Coimbatore Institute of Technology, Coimbatore",4.0,21, 101-150, Coimbatore,Tamil Nadu,Public/Govt,₹1.04 Lakhs,11 ,10 
IIITDM Kancheepuram - Indian Institute of Information Technology Design and Manufacturing Kancheepuram,4.3,11, 101-150, Chennai,Tamil Nadu,Public/Govt,₹6.94 Lakhs,5 ,6 
"Sharda University - Sharda University, Greater Noida",4.3,265, 101-150, Greater Noida,Uttar Pradesh,Private,₹12.76 Lakhs,29 ,
NIT Hamirpur (NITH) - National Institute of Technology Hamirpur,4.5,182, 101-150, Hamirpur,Himachal Pradesh,Public/Govt,,9 ,20 
"HITS Chennai - Hindustan Institute of Technology and Science, Chennai",3.6,61, 101-150, Chennai,Tamil Nadu,Private,,19 ,
"NCU - The NorthCap University, Gurgaon",4.0,155, 101-150, Gurgaon,Haryana,Private,₹12.39 Lakhs,10 ,21 
"PSGITECH Coimbatore - PSG Institute of Technology and Applied Research, Coimbatore",4.9,119, 101-150, Coimbatore,Tamil Nadu,Private,₹3.18 Lakhs,7 ,
"PES University, Bangalore",4.4,146, 101-150, Bangalore,Karnataka,Private,₹19.30 Lakhs,6 ,8 
"Amity University, Kolkata",4.6,72, 101-150, Kadampukur,West Bengal,Private,₹9.99 Lakhs,6 ,
"Sri Sai Ram Engineering College, Chennai",3.9,117, 101-150, Chennai,Tamil Nadu,Private,₹2.20 Lakhs,12 ,7 
NIT Mizoram - National Institute of Technology Mizoram,3.8,6, 101-150, Aizawl,Mizoram,Public/Govt,₹5.92 Lakhs,7 ,
"MIT-WPU Pune - Dr Vishwanath Karad MIT World Peace University, Pune",4.4,33, 101-150, Pune,Maharashtra,Private,₹14.20 Lakhs,37 ,15 
IIITDM Jabalpur - PDPM Indian Institute of Information Technology Design and Manufacturing Jabalpur,4.5,63, 101-150, Jabalpur,Madhya Pradesh,Public/Govt,₹6.45 Lakhs,4 ,13 
"NIET Greater Noida - Noida Institute of Engineering and Technology, Greater Noida",4.2,195, 101-150, Greater Noida,Uttar Pradesh,Private,,14 ,5 
"Mepco Schlenk Engineering College, Sivakasi",3.9,52, 101-150, Sivakasi,Tamil Nadu,Private,₹2.20 Lakhs,9 ,
"GITAM University - GITAM University, Visakhapatnam",4.0,184, 101-150, Visakhapatnam,Andhra Pradesh,Private,₹14.93 Lakhs,11 ,
"VJTI Mumbai - Veermata Jijabai Technological Institute, Mumbai",4.2,83, 101-150, Mumbai,Maharashtra,Public/Govt,₹3.34 Lakhs,9 ,18 
NIT Jamshedpur - National Institute of Technology Jamshedpur,4.4,134, 101-150, Jamshedpur,Jharkhand,Public/Govt,,8 ,25 
"MAKAUT Kolkata - Maulana Abul Kalam Azad University of Technology, Kolkata",4.2,32, 101-150, Kolkata,West Bengal,Public/Govt,,6 ,
"Galgotias University - Galgotias University, Greater Noida",4.2,652, 101-150, Greater Noida,Uttar Pradesh,Private,₹2.01 Lakhs,35 ,22 
IIT Dharwad - Indian Institute of Technology Dharwad,4.5,4, 101-150, Dharwad,Karnataka,Public/Govt,₹9.06 Lakhs,9 ,
"NMIT Bangalore - Nitte Meenakshi Institute of Technology, Bangalore",3.8,58, 101-150, Bangalore,Karnataka,Private,₹4.11 Lakhs,11 ,
"Amity University Gurgaon - Amity University, Gurugram",4.3,211, 101-150, Gurgaon,Haryana,Private,₹5.70 Lakhs,,19 
"Amity University, Jaipur",4.1,200, 101-150, Jaipur,Rajasthan,Private,₹6.70 Lakhs,11 ,
"Panjab University (PUCHD) - Panjab University, Chandigarh",4.2,123, 101-150, Chandigarh,Chandigarh,Public/Govt,,6 ,18 
"Mahindra University, Hyderabad",4.4,12, 101-150, Hyderabad,Telangana,Private,₹20 Lakhs,12 ,
"Nirma University - Nirma University, Ahmedabad",4.1,452, 101-150, Ahmedabad,Gujarat,Private,₹7.91 Lakhs,,
"College of Engineering, Trivandrum",4.5,32, 101-150, Thiruvananthapuram,Kerala,Public/Govt,₹1.13 Lakhs,11 ,27 
"CEC Landran - Chandigarh Engineering College, Landran Campus, Mohali",4.5,111, 101-150, Landran,Punjab,Private,₹5.35 Lakhs,11 ,4 
"CIT Chennai - Chennai Institute of Technology, Chennai",4.5,88, 101-150, Chennai,Tamil Nadu,Private,₹2.20 Lakhs,14 ,5 
"University College of Engineering, Osmania University, Hyderabad",3.9,9, 101-150, Hyderabad,Telangana,Public/Govt,₹4.90 Lakhs,8 ,31 
"Rajalakshmi Engineering College, Chennai",4.2,48, 101-150, Chennai,Tamil Nadu,Private,,19 ,8 
"JIIT Noida - Jaypee Institute of Information Technology, Noida",4.0,168, 101-150, Noida,Uttar Pradesh,Private,₹14.67 Lakhs,5 ,12 
NIT Manipur (NITMN) - National Institute of Technology Manipur,3.7,22, 101-150, Imphal,Manipur,Public/Govt,₹5.46 Lakhs,5 ,7 
NIT Goa - National Institute of Technology Goa,4.0,33, 101-150, Ponda,Goa,Public/Govt,₹5.31 Lakhs,5 ,3 
NIT Arunachal Pradesh - National Institute of Technology Arunachal Pradesh,3.8,10, 101-150, Papum Pare,Arunachal Pradesh,Public/Govt,₹5.36 Lakhs,9 ,6 
"KEC Erode - Kongu Engineering College, Erode",4.5,45, 101-150, Perundurai,Tamil Nadu,Private,,14 ,12 
IIITM Gwalior - Atal Bihari Vajpayee Indian Institute of Information Technology and Management Gwalior,4.1,54, 101-150, Gwalior,Madhya Pradesh,Public/Govt,,,7 
"IGDTUW Delhi - Indira Gandhi Delhi Technical University for Women, Delhi",3.9,110, 151-200, New Delhi,Delhi,Public/Govt,,7 ,
"KIET Group of Institutions, Ghaziabad (KIET Ghaziabad) - KIET Group of Institutions, Ghaziabad",4.7,85, 151-200, Ghaziabad,Uttar Pradesh,Private,₹5.62 Lakhs,10 ,2 
"IEM Kolkata - Institute of Engineering and Management, Kolkata",3.9,175, 151-200, Kolkata,West Bengal,Private,,13 ,3 
"NIFFT Ranchi - National Institute of Advanced Manufacturing Technology, Ranchi",4.4,15, 151-200, Ranchi,Jharkhand,Public/Govt,₹4.32 Lakhs,5 ,5 
"VNR VJIET Hyderabad - VNR Vignana Jyothi Institute of Engineering and Technology, Hyderabad",4.4,184, 151-200, Hyderabad,Telangana,Private,₹5.40 Lakhs,14 ,14 
"GL Bajaj Institute of Technology and Management, Greater Noida",4.6,232, 151-200, Greater Noida,Uttar Pradesh,Private,,9 ,
"NMAM Institute of Technology, Karkala Taluk",3.9,52, 151-200, Udupi,Karnataka,Private,₹12.40 Lakhs,14 ,8 
"JSPM's Rajarshi Shahu College of Engineering Tathawade - Rajarshi Shahu College of Engineering, Tathawade",3.5,37, 151-200, Pimpri-Chinchwad,Maharashtra,Private,₹4.48 Lakhs,8 ,4 
"KLE Technological University, Hubballi",4.5,53, 151-200, Hubli,Karnataka,Private,₹1.67 Lakhs,10 ,7 
"NIFTEM Sonepat - National Institute of Food Technology Entrepreneurship and Management, Sonepat",4.1,8, 151-200, Sonipat,Haryana,Public/Govt,₹6.67 Lakhs,,5 
"NIE Mysore - The National Institute of Engineering, Mysore",4.0,48, 151-200, Mysuru,Karnataka,Private,,8 ,11 
"CMRIT Bangalore - CMR Institute of Technology, Bangalore",4.3,168, 151-200, Bangalore,Karnataka,Private,,7 ,
"Anurag University - Anurag University, Hyderabad",4.2,7, 151-200, Hyderabad,Telangana,Private,₹1.50 Lakhs,13 ,
"DYPIET Pimpri - Dr DY Patil Institute of Technology, Pune",4.4,65, 151-200, Pune,Maharashtra,Private,₹3.60 Lakhs,9 ,4 
"IIIT Guwahati - Indian Institute of Information Technology, Guwahati",3.9,12, 151-200, Guwahati,Assam,Private,₹11 Lakhs,2 ,3 
"Vignan Institute of Technology and Science, Nalgonda",4.1,55, 151-200, Nalgonda,Telangana,Private,₹4 Lakhs,10 ,4 
"SMVDU Katra - Shri Mata Vaishno Devi University, Katra",3.8,82, 151-200, Katra,Jammu and,Public/Govt,₹6.46 Lakhs,7 ,
"NERIST Nirjuli - North Eastern Regional Institute of Science and Technology, Nirjuli",4.1,13, 151-200, Itanagar,Arunachal Pradesh,Public/Govt,₹66.70 K,6 ,
"Sri Krishna College of Technology, Coimbatore",4.7,56, 151-200, Coimbatore,Tamil Nadu,Private,,11 ,5 
"Sri Ramakrishna Engineering College, Coimbatore",3.9,17, 151-200, Coimbatore,Tamil Nadu,Private,,11 ,6 
"IARE Hyderabad - Institute of Aeronautical Engineering, Dundigal",4.2,62, 151-200, Hyderabad,Telangana,Private,₹4.04 Lakhs,11 ,6 
"Easwari Engineering College, Chennai",4.1,68, 151-200, Chennai,Tamil Nadu,Private,₹2.20 Lakhs,15 ,5 
"YMCA Faridabad - JC Bose University of Science and Technology, YMCA, Faridabad",3.9,290, 151-200, Faridabad,Haryana,Public/Govt,₹3.91 Lakhs,21 ,
"Tezpur University - Tezpur University, Tezpur",4.1,46, 151-200, Tezpur,Assam,Public/Govt,₹2.18 Lakhs,6 ,9 
"YCCE Nagpur - Yeshwantrao Chavan College of Engineering, Nagpur",4.0,40, 151-200, Nagpur,Maharashtra,Private,₹6.94 Lakhs,25 ,7 
"SVCE Sriperumbudur - Sri Venkateswara College of Engineering, Sriperumbudur",4.2,45, 151-200, Kanchipuram,Tamil Nadu,Private,,12 ,9 
"Vardhaman College of Engineering, Hyderabad",4.5,320, 151-200, Hyderabad,Telangana,Private,₹5.60 Lakhs,10 ,5 
"RIT Chennai - Rajalakshmi Institute of Technology, Chennai",4.2,6, 151-200, Chennai,Tamil Nadu,Private,,8 ,
"VIT Pune - Vishwakarma Institute of Technology, Pune",4.2,93, 151-200, Pune,Maharashtra,Private,₹7.68 Lakhs,9 ,
"CVR College of Engineering, Hyderabad",3.9,298, 151-200, Hyderabad,Telangana,Private,,15 ,6 
"NEC Kovilpatti - National Engineering College, Kovilpatti",4.2,21, 151-200, Thoothukudi,Tamil Nadu,Private,₹2.20 Lakhs,7 ,4 
"BMSCE Bangalore - BMS College of Engineering, Bangalore",4.3,65, 151-200, Bangalore,Karnataka,Private,₹10 Lakhs,18 ,13 
"NHCE Bangalore - New Horizon College of Engineering, Bangalore",3.9,43, 151-200, Bangalore,Karnataka,Private,₹12 Lakhs,6 ,
"MANNU Hyderabad - Maulana Azad National Urdu University, Hyderabad",4.8,10, 151-200, Hyderabad,Telangana,Public/Govt,,,
"MMU Mullana - Maharishi Markandeshwar Deemed to be University, Mullana",4.1,78, 151-200, Mullana,Haryana,Private,₹4.35 Lakhs,6 ,
"BSAU Chennai (Crescent) - BS Abdur Rahman Crescent Institute of Science and Technology, Chennai",4.4,78, 151-200, Chennai,Tamil Nadu,Private,₹14.35 Lakhs,30 ,
"VSSUT Sambalpur - Veer Surendra Sai University of Technology, Sambalpur",4.0,113, 151-200, Sambalpur,Odisha,Public/Govt,,10 ,19 
"Sona College of Technology, Salem",4.2,27, 151-200, Salem,Tamil Nadu,Private,,21 ,8 
"CBIT Hyderabad - Chaitanya Bharathi Institute of Technology, Hyderabad",4.3,277, 151-200, Hyderabad,Telangana,Private,₹5.60 Lakhs,13 ,8 
"BVUCOE Pune - Bharati Vidyapeeth Deemed University College of Engineering, Pune",4.3,69, 151-200, Pune,Maharashtra,Private,₹7.76 Lakhs,26 ,11 
"VRSEC Vijayawada - Velagapudi Ramakrishna Siddhartha Engineering College, Vijayawada",4.2,99, 151-200, Vijayawada,Andhra Pradesh,Private,,9 ,10 
"DEI Agra - Dayalbagh Educational Institute, Agra",4.2,114, 151-200, Agra,Uttar Pradesh,Public/Govt,₹50.73 K,6 ,3 
"Annamalai University - Annamalai University, Annamalai Nagar",4.1,22, 151-200, Cuddalore,Tamil Nadu,Public/Govt,,28 ,24 
NIT Nagaland - National Institute of Technology Nagaland,3.8,9, 151-200, Dimapur,Nagaland,Public/Govt,₹5.61 Lakhs,6 ,
NIT Sikkim - National Institute of Technology Sikkim,4.3,10, 151-200, Barfung,Sikkim,Public/Govt,₹5.71 Lakhs,7 ,9 
"GHRCE Nagpur - GH Raisoni College of Engineering, Nagpur",4.3,76, 151-200, Nagpur,Maharashtra,Private,,22 ,8 
"RMK Engineering College, Thiruvallur",4.3,131, 151-200, Tiruvallur,Tamil Nadu,Private,₹2 Lakhs,11 ,
"Kumaraguru College of Technology, Coimbatore",4.5,35, 151-200, Coimbatore,Tamil Nadu,Private,,15 ,12 
"GLA University, Mathura",4.3,414, 151-200, Mathura,Uttar Pradesh,Private,,22 ,
"Jamia Hamdard, New Delhi",4.4,103, 201-300, New Delhi,Delhi,Private,₹8.53 Lakhs,6 ,5 
"DIT University, Dehradun",4.0,177, 201-300, Dehradun,Uttarakhand,Private,₹12.47 Lakhs,23 ,
"Amity University, Gwalior",4.3,143, 201-300, Gwalior,Madhya Pradesh,Private,₹2.12 Lakhs,,
"IITRAM Ahmedabad - Institute of Infrastructure Technology Research and Management, Ahmedabad",3.6,49, 201-300, Ahmedabad,Gujarat,Public/Govt,₹4.79 Lakhs,4 ,5 
"SMIT Sikkim - Sikkim Manipal Institute of Technology, Majitar, East Sikkim",4.2,54, 201-300, Majitar,Sikkim,Private,₹13.60 Lakhs,18 ,4 
"QISCET Ongole - QIS College of Engineering and Technology, Ongole",3.6,57, 201-300, Ongole,Andhra Pradesh,Private,,14 ,6 
"PSVPEC Chennai - Prince Shri Venkateshwara Padmavathy Engineering College, Chennai",3.2,2, 201-300, Chennai,Tamil Nadu,Private,,6 ,
"Panimalar Engineering College, Chennai",3.5,35, 201-300, Chennai,Tamil Nadu,Private,₹2.20 Lakhs,8 ,2 
"KSRCT Tiruchengode - KS Rangasamy College of Technology, Tiruchengode",4.1,18, 201-300, Tiruchengode,Tamil Nadu,Private,,14 ,11 
"LNCT Bhopal - Lakshmi Narain College of Technology, Bhopal",4.2,193, 201-300, Bhopal,Madhya Pradesh,Private,,20 ,6 
"CMR College of Engineering and Technology, Hyderabad",4.4,148, 201-300, Hyderabad,Telangana,Private,₹4.60 Lakhs,7 ,4 
"BVCOE Delhi - Bharati Vidyapeeth's College of Engineering, Delhi",3.6,272, 201-300, New Delhi,Delhi,Private,₹5.67 Lakhs,11 ,
"Dr DY Patil University, Navi Mumbai",4.4,18, 201-300, Navi Mumbai,Maharashtra,Private,,9 ,5 
"VIIT Visakhapatnam - Vignan's Institute of Information Technology, Visakhapatnam",4.2,193, 201-300, Visakhapatnam,Andhra Pradesh,Private,,11 ,9 
"DAIICT Gandhinagar - Dhirubhai Ambani Institute of Information and Communication Technology, Gandhinagar",4.3,63, 201-300, Gandhinagar,Gujarat,Private,₹7.08 Lakhs,4 ,6 
"GIET Rajahmundry - Godavari Institute of Engineering and Technology, Rajahmundry",4.2,65, 201-300, Rajahmundry,Andhra Pradesh,Private,₹2.35 Lakhs,12 ,5 
"JIS College of Engineering, Nadia",4.1,60, 201-300, Nadia,West Bengal,Private,₹5.50 Lakhs,17 ,4 
"UICT Jalgaon - University Institute of Chemical Technology, Kavayitri Bahinabai Chaudhari North Maharashtra University, Jalgaon",4.0,4, 201-300, Bambhori Pr. Chandsar,Maharashtra,Public/Govt,,5 ,3 
"SGSITS Indore - Shri Govindram Seksaria Institute of Technology and Science, Indore",4.5,364, 201-300, Indore,Madhya Pradesh,Private,₹4.64 Lakhs,10 ,18 
"MKCE Karur - M Kumarasamy College of Engineering, Karur",3.9,13, 201-300, Karur,Tamil Nadu,Private,,11 ,4 
"GCET Greater Noida - Galgotias College of Engineering and Technology, Greater Noida",4.3,181, 201-300, Greater Noida,Uttar Pradesh,Private,₹4.62 Lakhs,16 ,
"Malla Reddy Engineering College, Secunderabad",3.8,47, 201-300, Secunderabad,Telangana,Private,₹4.60 Lakhs,14 ,5 
"JSS Science and Technology University, Mysuru",4.2,42, 201-300, Mysuru,Karnataka,Private,₹64 K,8 ,
"KITSW Warangal - Kakatiya Institute of Technology and Science, Warangal",4.5,149, 201-300, Warangal,Telangana,Private,₹5 Lakhs,12 ,8 
"GCT Coimbatore - Government College of Technology, Coimbatore",4.5,7, 201-300, Coimbatore,Tamil Nadu,Public/Govt,₹41.32 K,13 ,11 
"Rabindranath Tagore University, Raisen",4.2,20, 201-300, Raisen,Madhya Pradesh,Private,,,7 
"MSU Baroda - Maharaja Sayajirao University of Baroda, Vadodara",4.4,243, 201-300, Vadodara,Gujarat,Public/Govt,,,30 
"Dr MGR Educational and Research Institute, Chennai",4.1,28, 201-300, Chennai,Tamil Nadu,Private,₹3.20 Lakhs,41 ,42 
"SNS College of Technology, Coimbatore",4.5,63, 201-300, Coimbatore,Tamil Nadu,Private,,13 ,5 
"MB School of Engineering, Mohan Babu University, Tirupati",3.9,248, 201-300, Tirupati,Andhra Pradesh,Private,,,
"BIT Sindri - BIT Sindri, Dhanbad",4.4,300, 201-300, Dhanbad,Jharkhand,Public/Govt,₹68.60 K,11 ,15 
"CMR Institute of Technology, Hyderabad",4.0,60, 201-300, Hyderabad,Telangana,Private,₹4.40 Lakhs,7 ,3 
"HICET Coimbatore - Hindusthan College of Engineering and Technology, Coimbatore",4.1,19, 201-300, Coimbatore,Tamil Nadu,Private,,15 ,5 
"Saveetha Engineering College, Chennai",4.0,74, 201-300, Chennai,Tamil Nadu,Private,,19 ,
"Narasaraopeta Engineering College, Narasaraopet",4.3,33, 201-300, Narasaraopet,Andhra Pradesh,Private,₹2.66 Lakhs,10 ,4 
"GIET University, Gunupur",4.1,40, 201-300, Gunupur,Odisha,Private,,17 ,12 
"DSCE Bangalore - Dayananda Sagar College of Engineering, Bangalore",4.0,133, 201-300, Bangalore,Karnataka,Private,₹5.16 Lakhs,20 ,
"Chandigarh Engineering College, Jhanjeri",4.4,37, 201-300, Jhanjheri,Punjab,Private,₹5.21 Lakhs,7 ,
"Haldia Institute of Technology (HIT) Haldia - Haldia Institute of Technology, Haldia",4.1,145, 201-300, Haldia,West Bengal,Private,₹5.78 Lakhs,14 ,7 
"St Joseph's College of Engineering, Chennai",3.4,34, 201-300, Chennai,Tamil Nadu,Private,,12 ,
"RVR and JC College of Engineering, Guntur",4.1,67, 201-300, Guntur,Andhra Pradesh,Private,₹4.20 Lakhs,11 ,6 
"KJ Somaiya College of Engineering, Mumbai",4.0,83, 201-300, Mumbai,Maharashtra,Private,₹18.68 Lakhs,10 ,9 
IIPE Visakhapatnam - Indian Institute of Petroleum and Energy Visakhapatnam,5.0,1, 201-300, Visakhapatnam,Andhra Pradesh,Public/Govt,₹6.42 Lakhs,3 ,
"IES College of Technology, Bhopal",4.2,19, 201-300, Bhopal,Madhya Pradesh,Private,,10 ,3 
"RMD Engineering College, Thiruvallur",4.7,96, 201-300, Tiruvallur,Tamil Nadu,Private,₹2.20 Lakhs,5 ,
Allahabad University - University of Allahabad Allahabad,4.2,197, 201-300, Allahabad,Uttar Pradesh,Public/Govt,,3 ,3 
"MKSSS's Cummins College of Engineering for Women, Pune",4.4,24, 201-300, Pune,Maharashtra,Private,₹7.26 Lakhs,5 ,2 
"IIIT Bhubaneswar - International Institute of Information Technology, Bhubaneswar",3.9,110, 201-300, Bhubaneswar,Odisha,Public/Govt,₹4.82 Lakhs,5 ,
"AIT Pune - Army Institute of Technology, Pune",4.2,209, 201-300, Pune,Maharashtra,Private,₹8.62 Lakhs,4 ,
"PEC Puducherry - Puducherry Technological University, Puducherry",4.3,39, 201-300, Puducherry,Puducherry,Public/Govt,,9 ,14 
"REVA University, Bangalore",4.6,80, 201-300, Bangalore,Karnataka,Private,,19 ,12 
"LBRCE Mylavaram - Lakireddy Bali Reddy College of Engineering, Mylavaram",3.8,75, 201-300, Krishna,Andhra Pradesh,Private,₹2.79 Lakhs,9 ,4 
"Karpagam College of Engineering, Coimbatore",4.2,15, 201-300, Coimbatore,Tamil Nadu,Private,,13 ,
"KCG College of Technology, Chennai",3.9,22, 201-300, Chennai,Tamil Nadu,Private,,13 ,
"Rathinam Technical Campus Institute of Technology, Coimbatore",4.2,2, 201-300, Coimbatore,Tamil Nadu,Private,,11 ,2 
"KMBB College of Engineering and Technology, Bhubaneswar",,, 201-300, Bhubaneswar,Odisha,Private,₹4.80 Lakhs,5 ,
"Integral University, Lucknow",4.3,121, 201-300, Lucknow,Uttar Pradesh,Private,₹1.60 Lakhs,34 ,24 
"CUTM Paralakhemundi - Centurion University of Technology and Management, Paralakhemundi",3.9,7, 201-300, Gajapati,Odisha,Private,₹4 Lakhs,13 ,6 
"LNMIIT Jaipur - LNM Institute of Information Technology, Jaipur",4.5,105, 201-300, Jaipur,Rajasthan,Private,₹19.06 Lakhs,4 ,
"JUIT Solan - Jaypee University of Information Technology, Solan",4.2,117, 201-300, Solan,Himachal Pradesh,Private,₹4.00 Lakhs,11 ,
"SECE Coimbatore - Sri Eshwar College of Engineering, Coimbatore",4.1,21, 201-300, Coimbatore,Tamil Nadu,Private,₹2.20 Lakhs,9 ,3 
"KIT Coimbatore - Kalaignar Karunanidhi Institute of Technology, Coimbatore",5.0,1, 201-300, Coimbatore,Tamil Nadu,Private,,11 ,5 
"GEC Bhubaneswar - Gandhi Engineering College, Bhubaneswar",4.0,15, 201-300, Badaraghunathpur,Odisha,Private,,8 ,6 
"CMR Engineering College, Hyderabad",4.6,81, 201-300, Hyderabad,Telangana,Private,,5 ,2 
"BMSIT Bangalore - BMS Institute of Technology and Management, Bangalore",4.3,86, 201-300, Bangalore,Karnataka,Private,,9 ,
"SPIT Mumbai - Sardar Patel Institute of Technology, Mumbai",4.2,56, 201-300, Mumbai,Maharashtra,Private,₹7.84 Lakhs,3 ,
"AITAM Tekkali - Aditya Institute of Technology and Management, Tekkali",4.4,20, 201-300, Srikakulam,Andhra Pradesh,Private,₹2.69 Lakhs,8 ,5 
"PESCE Mandya - PES College of Engineering, Mandya",3.9,116, 201-300, Mandya,Karnataka,Private,₹2.63 Lakhs,11 ,
"MITS Madanapalle - Madanapalle Institute of Technology and Science, Madanapalle",4.6,333, 201-300, Madanapalle,Andhra Pradesh,Private,₹3.07 Lakhs,11 ,2 
"MSIT Delhi - Maharaja Surajmal Institute of Technology, Delhi",3.9,108, 201-300, New Delhi,Delhi,Private,₹6.38 Lakhs,4 ,
"EGS Pillay Engineering College, Nagapattinam",,, 201-300, Nagapattinam,Tamil Nadu,Private,,9 ,5 
"VJIT Hyderabad - Vidya Jyothi Institute of Technology, Hyderabad",3.6,60, 201-300, Hyderabad,Telangana,Private,₹4.60 Lakhs,10 ,5 
"SVCE - Sri Venkateswara College of Engineering, Tirupati",4.1,109, 201-300, Tirupati,Andhra Pradesh,Private,,9 ,2 
"Vasavi College of Engineering (VCE) - Vasavi College of Engineering, Hyderabad",4.3,88, 201-300, Hyderabad,Telangana,Private,₹5.60 Lakhs,7 ,4 
"Sri Sai Ram Institute of Technology, Chennai",4.0,19, 201-300, Chennai,Tamil Nadu,Private,,8 ,2 
"JSSATE Noida - JSS Academy of Technical Education, Noida",4.0,184, 201-300, Noida,Uttar Pradesh,Private,₹4.86 Lakhs,9 ,
"GMRIT Rajam - GMR Institute of Technology, Rajam",4.4,166, 201-300, Srikakulam,Andhra Pradesh,Private,,8 ,5 
"Sri Manakula Vinayagar Engineering College, Puducherry",3.7,112, 201-300, Madagadipet,Puducherry,Private,,13 ,8 
"SNIST Ghatkesar - Sreenidhi Institute of Science and Technology, Ghatkesar",4.0,170, 201-300, Ghatkesar,Telangana,Private,₹5.20 Lakhs,9 ,4 
"SVCET Chittoor - Sri Venkateswara College of Engineering and Technology, Chittoor",4.0,21, 201-300, Tirupati,Andhra Pradesh,Private,₹1.92 Lakhs,13 ,6 
"GITA Bhubaneswar - Gandhi Institute for Technological Advancement, Bhubaneswar",3.7,25, 201-300, Badaraghunathpur,Odisha,Private,,12 ,5 
"MLRIT Dundigal - MLR Institute of Technology, Dundigal",4.3,31, 201-300, Hyderabad,Telangana,Private,₹4.40 Lakhs,10 ,4 
"DJSCE Mumbai - Dwarkadas J Sanghvi College of Engineering, Mumbai",4.0,34, 201-300, Mumbai,Maharashtra,Private,₹8.80 Lakhs,8 ,
"K Ramakrishnan College of Technology, Tiruchirappalli",4.6,4, 201-300, Tiruchirappalli,Tamil Nadu,Private,,8 ,4 
"RGMCET Kurnool - Rajeev Gandhi Memorial College of Engineering and Technology, Kurnool",3.5,13, 201-300, Kurnool,Andhra Pradesh,Private,₹3.04 Lakhs,8 ,5 
"GEC Thrissur - Government Engineering College, Thrissur",4.3,56, 201-300, Thrissur,Kerala,Public/Govt,,9 ,19 
"PVPSIT Vijayawada - Prasad V Potluri Siddhartha Institute of Technology, Vijayawada",4.5,74, 201-300, Vijayawada,Andhra Pradesh,Private,₹2.80 Lakhs,8 ,2 
"KUK Kurukshetra - Kurukshetra University, Kurukshetra",4.0,101, 201-300, Kurukshetra,Haryana,Public/Govt,,9 ,7 
"RCOEM Nagpur - Shri Ramdeobaba College of Engineering and Management, Nagpur",4.2,85, 201-300, Nagpur,Maharashtra,Private,,17 ,8 
"Silicon Institute of Technology, Sambalpur",3.9,5, 201-300, Sambalpur,Odisha,Private,,5 ,
"RMKCET Thiruvallur - RMK College of Engineering and Technology, Thiruvallur",3.7,8, 201-300, Tiruvallur,Tamil Nadu,Private,,5 ,
"NIT Kolkata - Narula Institute of Technology, Agarpara",4.3,136, 201-300, Kolkata,West Bengal,Private,₹7.00 Lakhs,11 ,5 
"PSNA College of Engineering and Technology, Dindigul",4.5,16, 201-300, Dindigul,Tamil Nadu,Private,₹2.78 Lakhs,11 ,
"MAIT Delhi - Maharaja Agrasen Institute of Technology, Delhi",3.8,318, 201-300, New Delhi,Delhi,Private,₹7.44 Lakhs,15 ,
"Aditya Engineering College, Surampalem",4.2,39, 201-300, Surampalem,Andhra Pradesh,Private,,11 ,5 
"K Ramakrishnan College of Engineering, Tiruchirappalli",3.9,5, 201-300, Tiruchirappalli,Tamil Nadu,Private,,8 ,4 
"ABES Engineering College, Ghaziabad",4.1,185, 201-300, Ghaziabad,Uttar Pradesh,Private,₹5.93 Lakhs,10 ,2 
"Sri Krishnadevaraya University, Anantapur",4.0,19,, Anantapur,Andhra Pradesh,Public/Govt,₹1.53 Lakhs,5 ,
"NCR Technical Campus, Aligarh",,,, Aligarh,Uttar Pradesh,Private,,7 ,
"Kalinga University, Raipur",4.0,17,, Naya Raipur,Chhattisgarh,Private,₹6.18 Lakhs,4 ,
"Rai University, Ahmedabad",4.0,18,, Saroda,Gujarat,Private,₹1.33 Lakhs,3 ,
"BITS Hyderabad - BITS Pilani- Hyderabad Campus, Hyderabad",4.4,59,, Hyderabad,Telangana,Private,₹22.32 Lakhs,8 ,13 
"SRM Institute of Science and Technology, Vadapalani Campus",4.4,18,, Vadapalani,Tamil Nadu,Private,₹12 Lakhs,9 ,
"Navrachana University, Vadodara",3.9,16,, Vadodara,Gujarat,Private,₹4.36 Lakhs,5 ,4 
"NIILM University, Kaithal",1.4,1,, Ujana,Haryana,Private,,2 ,
"SV Institute of Engineering and Technology, Moinabad",,,, Hyderabad,Telangana,Private,₹1.40 Lakhs,5 ,3 
"Sri Guru Granth Sahib World University, Fatehgarh Sahib",,,, Fatehgarh Sahib,Punjab,Private,₹3.96 Lakhs,6 ,
"SRM Institute of Science and Technology, Vadapalani Campus",4.4,18,, Vadapalani,Tamil Nadu,Private,₹12 Lakhs,9 ,
"SV Institute of Engineering and Technology, Moinabad",,,, Hyderabad,Telangana,Private,₹1.40 Lakhs,5 ,3 
"NCR Technical Campus, Aligarh",,,, Aligarh,Uttar Pradesh,Private,,7 ,
"Kalinga University, Raipur",4.0,17,, Naya Raipur,Chhattisgarh,Private,₹6.18 Lakhs,4 ,
"Rai University, Ahmedabad",4.0,18,, Saroda,Gujarat,Private,₹1.33 Lakhs,3 ,
"Sri Guru Granth Sahib World University, Fatehgarh Sahib",,,, Fatehgarh Sahib,Punjab,Private,₹3.96 Lakhs,6 ,
"BITS Hyderabad - BITS Pilani- Hyderabad Campus, Hyderabad",4.4,59,, Hyderabad,Telangana,Private,₹22.32 Lakhs,8 ,13 
"Navrachana University, Vadodara",3.9,16,, Vadodara,Gujarat,Private,₹4.36 Lakhs,5 ,4 
"NIILM University, Kaithal",1.4,1,Not Mentioned, Ujana,Haryana,Private,,2 ,
"Mahatma Jyoti Rao Phoole University, Jaipur",4.2,13,Not Mentioned, Jaipur,Rajasthan,Private,,7 ,
"Pacific University, Udaipur",3.7,3,Not Mentioned, Udaipur,Rajasthan,Private,₹2.40 Lakhs,5 ,
"Jagannath University, Jaipur",3.9,26,Not Mentioned, Jaipur,Rajasthan,Private,,9 ,
"RKDF University, Bhopal",4.0,8,Not Mentioned, Bhopal,Madhya Pradesh,Private,,12 ,
"Sangam University, Bhilwara",4.7,4,Not Mentioned, Bhilwara,Rajasthan,Private,₹2.55 Lakhs,16 ,
"UEM Jaipur - University of Engineering and Management, Jaipur",4.3,35,Not Mentioned, Jaipur,Rajasthan,Private,₹4.24 Lakhs,12 ,5 
"Monad University, Hapur",1.5,5,Not Mentioned, Hapur,Uttar Pradesh,Private,,7 ,8 
"Sri Vasavi Institute of Engineering and Technology, Peravali",4.1,7,Not Mentioned, Krishna,Andhra Pradesh,Private,,5 ,
"Rajiv Gandhi Institute of Information Technology, Amethi",2.8,1,Not Mentioned, Amethi,Uttar Pradesh,Public/Govt,,,
"IILM Institute for Higher Education, New Delhi",3.9,21,Not Mentioned, New Delhi,Delhi,Private,₹11.70 Lakhs,,
"Kishan Institute of Engineering and Technology, Meerut",4.7,2,Not Mentioned, Asalat Nagar,Uttar Pradesh,Private,,5 ,
"West Bengal University of Animal and Fishery Sciences, Kolkata",,,Not Mentioned, Kolkata,West Bengal,Public/Govt,₹36.73 K,,5 
"SCSVMV University - Sri Chandrasekharendra Saraswathi Viswa Mahavidyalaya, Kanchipuram",4.3,91,Not Mentioned, Kanchipuram,Tamil Nadu,Private,₹6.80 Lakhs,21 ,
"Vishwa Bharathi Institute of Technology and Sciences, Ranga Reddy",4.0,1,Not Mentioned, Hyderabad,Telangana,Private,,4 ,
"Noorul Islam Centre For Higher Education, Kanyakumari",4.4,27,Not Mentioned, Kanyakumari,Tamil Nadu,Private,₹4 Lakhs,17 ,11 
"ITM University, Gwalior",4.3,120,Not Mentioned, Gwalior,Madhya Pradesh,Private,,13 ,9 
"SB Institute of Engineering and Technology, Kaithal",4.0,2,Not Mentioned, Pundri,Haryana,Private,₹2.55 Lakhs,5 ,3 
"SelaQui Academy of Higher Education, Dehradun",3.9,3,Not Mentioned, Dehradun,Uttarakhand,Private,,4 ,
"Makhanlal Chaturvedi National University of Journalism and Communication, Bhopal",4.3,18,Not Mentioned, Bhopal,Madhya Pradesh,Public/Govt,₹1.11 Lakhs,2 ,
"MGCGV Chitrakoot - Mahatma Gandhi Chitrakoot Gramodaya Vishwavidyalaya, Chitrakoot",3.2,3,Not Mentioned, Satna,Madhya Pradesh,Public/Govt,,4 ,
"AKU Patna - Aryabhatta Knowledge University, Patna",4.2,8,Not Mentioned, Patna,Bihar,Public/Govt,₹4.26 Lakhs,5 ,11 
"Shobhit University, Gangoh",4.0,6,Not Mentioned, Saharanpur,Uttar Pradesh,Private,₹3.45 Lakhs,5 ,9 
"Central University Jammu - Central University of Jammu, Jammu",4.4,9,Not Mentioned, Jammu,Jammu and,Public/Govt,₹4.88 Lakhs,,
"Gandhigram Rural Institute, Dindigul",2.0,1,Not Mentioned, Dindigul,Tamil Nadu,Public/Govt,₹1.76 Lakhs,,
"CCSHAU Hisar - Chaudhary Charan Singh Haryana Agricultural University, Hisar",4.4,18,Not Mentioned, Hisar,Haryana,Public/Govt,₹85.76 K,2 ,3 
"FRI Dehradun - Forest Research Institute, Dehradun",3.8,3,Not Mentioned, Dehradun,Uttarakhand,Public/Govt,₹1.33 Lakhs,,
"K R Mangalam University, Gurugram",4.1,26,Not Mentioned, Sohna,Haryana,Private,₹8.40 Lakhs,6 ,
"Jharkhand Rai University, Ranchi",4.5,4,Not Mentioned, Ranchi,Jharkhand,Private,₹4.10 Lakhs,4 ,
"Auro University, Surat",4.0,8,Not Mentioned, Surat,Gujarat,Private,₹2.04 Lakhs,,
"ICFAI University, Himachal Pradesh",,,Not Mentioned, Solan,Himachal Pradesh,Private,,4 ,
"Bharathidasan University - Bharathidasan University, Tiruchirappalli",4.2,7,Not Mentioned, Tiruchirappalli,Tamil Nadu,Public/Govt,,,
"Goa University - Goa University,Taleigao Plateau, Goa",3.4,10,Not Mentioned, Taleigao,Goa,Public/Govt,,5 ,9 
"DDU Gorakhpur - Deen Dayal Upadhyaya Gorakhpur University, Gorakhpur",4.2,84,Not Mentioned, Gorakhpur,Uttar Pradesh,Public/Govt,,,
"Satavahana University, Karimnagar",3.5,2,Not Mentioned, Karimnagar,Telangana,Public/Govt,,,
"Dr BR Ambedkar University, Srikakulam",5.0,4,Not Mentioned, Srikakulam,Andhra Pradesh,Public/Govt,,5 ,
"Garden City University, Bangalore",4.5,11,Not Mentioned, Bangalore,Karnataka,Private,₹12.24 Lakhs,,
"CDLU Sirsa - Chaudhary Devi Lal University, Sirsa",4.1,24,Not Mentioned, Sirsa,Haryana,Public/Govt,₹1.63 Lakhs,5 ,5 
"DBRAU Agra - Dr BR Ambedkar University, Agra",4.4,71,Not Mentioned, Agra,Uttar Pradesh,Public/Govt,,5 ,
"Gautam Buddha University, Greater Noida",4.3,132,Not Mentioned, Greater Noida,Uttar Pradesh,Public/Govt,,4 ,19 
"BPSMV Sonipat - Bhagat Phool Singh Mahila Vishwavidyalaya, Khanpur Kalan",4.3,5,Not Mentioned, Khanpur Kalan,Haryana,Public/Govt,₹2.09 Lakhs,4 ,5 
"Central University of Tamil Nadu, Thiruvarur",4.4,6,Not Mentioned, Thiruvarur,Tamil Nadu,Public/Govt,₹83.24 K,,
"Visvesvaraya Community College, Udaipur",,,Not Mentioned, Udaipur,Rajasthan,Private,,,
"JD School Design, Bengaluru",,,Not Mentioned, Bangalore,Karnataka,Private,,,
"Government Polytechnic, Bighapur",,,Not Mentioned, Bighapur,Uttar Pradesh,Public/Govt,₹11.21 K,,
"Sri Venkateswara Polytechnic College, Tiruvannamalai",,,Not Mentioned, Tiruvannamalai,Tamil Nadu,Private,,,
"Sri Bharathi Polytechnic College for Women, Pudukkottai",,,Not Mentioned, Pudukkottai,Tamil Nadu,Private,₹37.50 K,,
"Darshan Institute of Engineering and Technology for Diploma Studies, Rajkot",,,Not Mentioned, Rajkot,Gujarat,Private,₹2.40 Lakhs,,
"Srinath University, Jamshedpur",,,Not Mentioned, Jamshedpur,Jharkhand,Private,₹1.50 Lakhs,,
"SCT Polytechnic, Bengaluru",,,Not Mentioned, Bangalore,Karnataka,Private,₹62.27 K,,
"Jyoti and Bhupat Mehta School of Health Sciences and Technology, Indian Institute of Technology Guwahati",,,Not Mentioned, Guwahati,Assam,Public/Govt,,,
"Adikavi Nannaya University, MSN Campus, Kakinada",,,Not Mentioned, Kakinada,Andhra Pradesh,Public/Govt,,,
"Pacific Institute of Safety and Health, Lucknow",,,Not Mentioned, Lucknow,Uttar Pradesh,Private,,,
"JNTUH University College of Engineering, Mahabubabad",,,Not Mentioned, Mahabubabad,Telangana,Public/Govt,,,
"Dnyandeep College of Architecture, Ratnagiri",,,Not Mentioned, Ratnagiri,Maharashtra,Private,,,
"Sree Venkateswara Engineering College, Nellore",,,Not Mentioned, Nellore,Andhra Pradesh,Private,₹1.72 Lakhs,,
"Technocrats Institute of Technology Computer Science and Engineering, Bhopal",,,Not Mentioned, Bhopal,Madhya Pradesh,Private,,,
"Cherraan College of Technology, Tirupur",,,Not Mentioned, Tiruppur,Tamil Nadu,Private,,,
"Rajkiya Engineering College, Mirzapur",,,Not Mentioned, Mirzapur,Uttar Pradesh,Public/Govt,₹1.72 Lakhs,,
"Newton School of Technology, Sonipat",5.0,1,Not Mentioned, Sonipat,Haryana,Private,₹14.90 Lakhs,,
"Kishkinda University, Bellary",,,Not Mentioned, Bellary,Karnataka,Private,₹4.59 Lakhs,,
"KMCT Institute of Emerging Technology and Management, Kozhikode",,,Not Mentioned, Kozhikode,Kerala,Private,₹3.08 Lakhs,,
"Akash Global College of Management and Science, Bengaluru",,,Not Mentioned, Bangalore,Karnataka,Private,,,
"Government Polytechnic, Bethamcherla",,,Not Mentioned, Kurnool,Andhra Pradesh,Public/Govt,,,
"Government Polytechnic, Guntakal",,,Not Mentioned, Anantapur,Andhra Pradesh,Public/Govt,,,
"Vijayam Institute of Technology, Chittoor",,,Not Mentioned, Chittoor,Andhra Pradesh,Private,,,
"Government Polytechnic, Periyapatna",,,Not Mentioned, Mysore,Karnataka,Public/Govt,,,
"Rajeev College of Professional Education, Sitamarhi",,,Not Mentioned, Sitamarhi,Bihar,Private,,,
"Yashwantrao Bhonsale Institute of Technology, Sindhudurg",,,Not Mentioned, Sindhudurg,Maharashtra,Private,,,
"MDA Education and Research Institute, Latur",,,Not Mentioned, Latur,Maharashtra,Private,,,
"NIIS Institute of Engineering and Technology, Khordha",,,Not Mentioned, Khordha,Odisha,Private,,,
"Research Development and Evaluation Training Armoured Corps Centre and School, Ahmednagar",,,Not Mentioned, Ahmednagar,Maharashtra,Public/Govt,,,
"Dev Indrawati Institute of Polytechnic, Ambedkar Nagar",,,Not Mentioned, Ambedkar Nagar,Uttar Pradesh,Private,,,
"CJY Institute of Technology, Jaunpur",,,Not Mentioned, Jaunpur,Uttar Pradesh,Private,₹90.45 K,,
"Baba Vishwanath Technical Institute, Deoria",,,Not Mentioned, Deoria,Uttar Pradesh,Private,,,
"Alipurduar Government Engineering and Management College, Alipurduar",,,Not Mentioned, Alipurduar,West Bengal,Public/Govt,₹1.00 Lakhs,,
"Chaudhary Institute of Technology, Ballia",,,Not Mentioned, Ballia,Uttar Pradesh,Private,,,
"Robin College of Education and Technology, Meerut",,,Not Mentioned, Meerut,Uttar Pradesh,Private,,,
"RP Polytechnic College, Deoria",,,Not Mentioned, Deoria,Uttar Pradesh,Private,,,
"Smt Vimalbai Uttamrao Patil Arts and Late Dr Bhaskar Sadashiv Desale Science College, Dhule",,,Not Mentioned, Dhule,Maharashtra,Private,,,
"North Campus, University of Kashmir, Baramulla",,,Not Mentioned, Baramulla,Jammu and,Public/Govt,,,
"YRL College of Arts and Science and Technology, Pithapuram",,,Not Mentioned, East Godavari,Andhra Pradesh,Private,,,
"Dr Hima Sekhar Degree College, Visakhapatnam",,,Not Mentioned, Visakhapatnam,Andhra Pradesh,Private,,,
"Amity University, Bengaluru",4.0,2,Not Mentioned, Bangalore,Karnataka,Private,₹11.60 Lakhs,,
"Koneru Lakshmaiah Education Foundation, Off Campus, Bachupally",,,Not Mentioned, Hyderabad,Telangana,Private,₹11.75 Lakhs,,
"Vikrama Simhapuri University College of Engineering, Nellore",,,Not Mentioned, Nellore,Andhra Pradesh,Public/Govt,,,
"NBC College, Kendupadar",,,Not Mentioned, Ganjam,Odisha,Private,,,
"MNR University, Hyderabad",,,Not Mentioned, Hyderabad,Telangana,Private,₹6 Lakhs,,
"SK Somaiya College, Somaiya Vidyavihar University, Mumbai",4.2,2,Not Mentioned, Mumbai,Maharashtra,Private,₹50 K,,
"Uttar Pradesh State Institute of Forensic Science, Lucknow",,,Not Mentioned, Lucknow,Uttar Pradesh,Public/Govt,,,
"NMV Institute of Science and Technology, NMV University, Chennai",,,Not Mentioned, Chennai,Tamil Nadu,Private,,,
"Sir CV Raman DSEU Dheerpur Campus, Delhi",,,Not Mentioned, Delhi,Delhi,Public/Govt,₹1 Lakhs,,
"JSS University, Noida",,,Not Mentioned, Noida,Uttar Pradesh,Private,₹10.32 Lakhs,,
"Faculty of Technology, University of Delhi, Delhi",,,Not Mentioned, Delhi,Delhi,Public/Govt,₹8.96 Lakhs,,
"JNCT Professional University, Bhopal",,,Not Mentioned, Bhopal,Madhya Pradesh,Private,,,
"Assam Energy Institute, Sivasagar",,,Not Mentioned, Sivasagar,Assam,Public/Govt,₹6.57 Lakhs,,
"Government Polytechnic, Cheriyal",,,Not Mentioned, Cheriyal,Telangana,Public/Govt,,,
"Alard School of Interdisciplinary Research, Pune",,,Not Mentioned, Pune,Maharashtra,Private,₹3 Lakhs,,
"S-Vyasa University Global City Campus, Bengaluru",,,Not Mentioned, Bangalore,Karnataka,Private,₹10.80 Lakhs,,
"Dr H N National College of Engineering, Bangalore",,,Not Mentioned, Bangalore,Karnataka,Private,,,
"Behara College of Engineering and Technology, Visakhapatnam",,,Not Mentioned, Visakhapatnam,Andhra Pradesh,Private,,,
"SV College of Engineering, Puttur",,,Not Mentioned, Puttur,Andhra Pradesh,Private,,,
"Swami Vivekananda School of Diploma, Durgapur",4.4,1,Not Mentioned, Durgapur,West Bengal,Private,₹1.52 Lakhs,,
"NMIMS Navi Mumbai - SVKM's NMIMS School of Business Management, Navi Mumbai",4.5,19,Not Mentioned, Kharghar,Maharashtra,Private,,,
"Sri Guru Angad Dev College, Khadur Sahib",,,Not Mentioned, Tarn Taran,Punjab,Private,,,
"Smt MM Shah Mahila Arts College, Kadi",,,Not Mentioned, Kadi,Gujarat,Private,,,
"Supaul College of Engineering, Supaul",,,Not Mentioned, Supaul,Bihar,Public/Govt,,6 ,
"Katihar Engineering College, Katihar",4.5,2,Not Mentioned, Katihar,Bihar,Public/Govt,,7 ,
"PCE Purnea - Purnea College of Engineering, Purnea",4.4,8,Not Mentioned, Purnea,Bihar,Public/Govt,,7 ,
"Ch Ranbir Singh Government Polytechnic, Hathnikund",,,Not Mentioned, Yamuna Nagar,Haryana,Public/Govt,,,
"Government Polytechnic Education Society, Manesar",5.0,1,Not Mentioned, Manesar,Haryana,Public/Govt,,,
"Government Polytechnic, Jhajjar",,,Not Mentioned, Jhajjar,Haryana,Public/Govt,,,
"Anna University Regional Campus, Coimbatore",3.6,8,Not Mentioned, Coimbatore,Tamil Nadu,Public/Govt,,5 ,2 
"Burdwan Raj College, Burdwan",4.6,13,Not Mentioned, Burdwan,West Bengal,Public/Govt,,,
"Guru Nanak Girls College, Yamuna Nagar",4.5,2,Not Mentioned, Yamuna Nagar,Haryana,Private,,,
"US Ostwal Institute of Architecture, Chittorgarh",,,Not Mentioned, Mangalwad,Rajasthan,Private,,,
"US Ostwal Institute of Technology and Science, Chittorgarh",,,Not Mentioned, Mangalwad,Rajasthan,Private,₹84 K,,
"Rao Birender Singh State Institute of Engineering and Technology, Rewari",3.5,2,Not Mentioned, Rewari,Haryana,Public/Govt,₹1.58 Lakhs,6 ,
"BIT Wardha - Bajaj Institute of Technology, Wardha",4.5,4,Not Mentioned, Wardha,Maharashtra,Private,,4 ,
"Shri Rawatpura Sarkar Institute of Technology, Jabalpur",,,Not Mentioned, Jabalpur,Madhya Pradesh,Private,,5 ,
"Maharishi Kashyap Government Polytechnic, Jattal",,,Not Mentioned, Panipat,Haryana,Public/Govt,₹12.60 K,,
"Central University of Haryana, Mahendergarh",4.4,21,Not Mentioned, Mahendragarh,Haryana,Public/Govt,₹2.41 Lakhs,4 ,
"YBN University, Ranchi",3.7,2,Not Mentioned, Ranchi,Jharkhand,Private,,,
"Centurion University of Technology and Management, Vizianagaram",3.6,11,Not Mentioned, Vizianagaram,Andhra Pradesh,Private,₹6 Lakhs,14 ,
"Capital University, Koderma",4.0,1,Not Mentioned, Koderma,Jharkhand,Private,,7 ,
"Mahatma Gandhi Mission's College of Agricultural Biotechnology, Aurangabad",,,Not Mentioned, Aurangabad,Maharashtra,Private,,,
"Dayanand College of Architecture, Latur",,,Not Mentioned, Latur,Maharashtra,Private,,,
"MIT WPU School of Polytechnic and Skill Development, Pune",,,Not Mentioned, Pune,Maharashtra,Private,₹15.60 Lakhs,,
"Dr YSR Architecture and Fine Arts University, Kadapa",,,Not Mentioned, Kadapa,Andhra Pradesh,Public/Govt,,,
"CG Animation Academy, Pune",,,Not Mentioned, Pune,Maharashtra,Private,,,
"Kohinoor Technical Institute, Mumbai",,,Not Mentioned, Mumbai,Maharashtra,Private,,,
"Gujarat Technological University, School of Engineering and Technology, Ahmedabad",,,Not Mentioned, Ahmedabad,Gujarat,Public/Govt,₹1.60 Lakhs,,4 
"Srimati Techno Institute, Kolkata",,,Not Mentioned, Kolkata,West Bengal,Private,,,
"R and R Education Foundation, Delhi",,,Not Mentioned, New Delhi,Delhi,Public/Govt,,,
"International School of Design, Kandivali West, Mumbai",,,Not Mentioned, Mumbai,Maharashtra,Private,,,
"INS Vishwakarma, Visakhapatnam",,,Not Mentioned, Visakhapatnam,Andhra Pradesh,Public/Govt,,,
"KU School of Engineering Technology and Management, Jorhat",,,Not Mentioned, Jorhat,Assam,Private,₹4.70 Lakhs,,
"Tinsukia Polytechnic, Makum",,,Not Mentioned, Makum,Assam,Public/Govt,,,
"Government Polytechnic, Motihari",,,Not Mentioned, Motihari,Bihar,Public/Govt,,,
"Udalguri Polytechnic, Bhergaon",,,Not Mentioned, Bhergaon Chariali,Assam,Public/Govt,,,
"Shri Phanishwar Nath Renu Engineering College, Araria",5.0,1,Not Mentioned, Araria,Bihar,Public/Govt,,,
"Mulagondla Pakira Reddy Memorial Polytechnic, Guntur",,,Not Mentioned, Guntur,Andhra Pradesh,Private,,,
"Visvesvaraya Technological University Regional Center, Mysuru",,,Not Mentioned, Mysuru,Karnataka,Public/Govt,,,
"All India Shri Shivaji Memorial Society's Polytechnic, Pune",3.5,1,Not Mentioned, Pune,Maharashtra,Private,,,
"Government Polytechnic, Nagpur",4.3,6,Not Mentioned, Nagpur,Maharashtra,Public/Govt,₹31.80 K,,
"Yashwantrao Bhonsale Polytechnic, Sawantwadi",,,Not Mentioned, Charathe,Maharashtra,Private,,,
"Dr DY Patil Polytechnic, Pune",,,Not Mentioned, Pune,Maharashtra,Private,₹1.74 Lakhs,,
"Sant Gajanan Maharaj Rural Polytechnic, Mahagaon",4.2,1,Not Mentioned, Mahagaon,Maharashtra,Private,,,
"Andhra Polytechnic College, Kakinada",5.0,2,Not Mentioned, Kakinada,Andhra Pradesh,Public/Govt,,,
"Government Polytechnic, Kangra",,,Not Mentioned, Kangra,Himachal Pradesh,Public/Govt,,,
"JSS Polytechnic For Women, Mysore",,,Not Mentioned, Mysuru,Karnataka,Private,,,
"Raibag Polytechnic, Raibag",,,Not Mentioned, Belgaum,Karnataka,Private,,,
"BT Patil and Sons Polytechnic, Belgaum",,,Not Mentioned, Belgaum,Karnataka,Private,,,
"Kempegowda Memorial Polytechnic, Tumkur",,,Not Mentioned, Tumkur,Karnataka,Private,,,
"NIT Polytechnic, Nagpur",,,Not Mentioned, Mahurzari,Maharashtra,Private,,,
"Dr TMA Pai Polytechnic, Manipal",,,Not Mentioned, Manipal,Karnataka,Private,,,
"Swami Vivekanand Institute of Polytechnic, Latur",,,Not Mentioned, Latur,Maharashtra,Private,,,
"Bhivrabai Sawant Polytechnic, Pune",,,Not Mentioned, Pune,Maharashtra,Private,₹1.64 Lakhs,,
"Aryabharathi Polytechnic, Tumkur",,,Not Mentioned, Tumkur,Karnataka,Private,,,
"Matoshri Institute of Technology, Dhanore",,,Not Mentioned, Nashik,Maharashtra,Private,,,
"Vidya Vikas Pratishthan Polytechnic, Solapur",,,Not Mentioned, Dongaon,Maharashtra,Private,,,
"Department of Computer Science and Applications, Maharshi Dayanand University, Rohtak",,,Not Mentioned, Rohtak,Haryana,Public/Govt,₹1.46 Lakhs,,
"Department of Electronic Science, Kurukshetra University, Kurukshetra",5.0,1,Not Mentioned, Kurukshetra,Haryana,Public/Govt,,,
"MSME Technology Centre, Rohtak",,,Not Mentioned, Rohtak,Haryana,Public/Govt,₹99.42 K,,
"NITS Polytechnic, Jammu",,,Not Mentioned, Jammu,Jammu and,Private,,,
"Navsarjan School of Technology, Gandhinagar",,,Not Mentioned, Gandhinagar,Gujarat,Private,,,
"Shri Manikrao Patil Rural Polytechnic Aided, Bidar",,,Not Mentioned, Bidar,Karnataka,Private,,,
"Institute of Computer Science, Vikram University, Ujjain",,,Not Mentioned, Ujjain,Madhya Pradesh,Public/Govt,₹26.54 K,,
"Mishri Devi Memorial Polytechnic College, Karauli",,,Not Mentioned, Karauli,Rajasthan,Private,,,
"Maulana Azad National Urdu University Polytechnic, Cuttack",,,Not Mentioned, Cuttack,Odisha,Public/Govt,,,
"Mata Gujri Memorial Polytechnic College, Gurdaspur",,,Not Mentioned, Gurdaspur,Punjab,Private,,,
"Asansol Polytechnic, Bardhaman",,,Not Mentioned, Burdwan,West Bengal,Public/Govt,,,
"Canning Government Polytechnic, South 24 Parganas",,,Not Mentioned, South 24 Parganas,West Bengal,Public/Govt,,,
"Central Calcutta Polytechnic, Kolkata",3.0,1,Not Mentioned, Kolkata,West Bengal,Public/Govt,,,
"Kanyapur Polytechnic, Bardhaman",,,Not Mentioned, Burdwan,West Bengal,Public/Govt,,,
"Mirmadan Mohanlal Government Polytechnic, Nadia",,,Not Mentioned, Nadia,West Bengal,Public/Govt,,,
"Nalhati Government Polytechnic, Birbhum",,,Not Mentioned, Birbhum,West Bengal,Public/Govt,,,
"Department of Computer Science and Engineering, University of Kalyani, Kalyani",,,Not Mentioned, Kalyani,West Bengal,Public/Govt,₹80 K,,
"Itahar Government Polytechnic, Uttar Dinajpur",,,Not Mentioned, North Dinajpur,West Bengal,Public/Govt,,,
"GRD Polytechnic, Dehradun",,,Not Mentioned, Dehradun,Uttarakhand,Private,₹1.85 Lakhs,,
"Sarvodaya Polytechnic College, Azamgarh",,,Not Mentioned, Azamgarh,Uttar Pradesh,Private,₹90.45 K,,
"Shri Vishwanath College of Polytechnic, Sultanpur",,,Not Mentioned, Sultanpur,Uttar Pradesh,Private,₹90.45 K,,
"SS Bapu Institute of Polytechnic College, Ballia",,,Not Mentioned, Ballia,Uttar Pradesh,Private,₹90.45 K,,
"Sant Ravidas Government Polytechnic, Chandauli",,,Not Mentioned, Chandauli,Uttar Pradesh,Public/Govt,₹79.05 K,,
"Saroj College of Engineering and Polytechnic, Lucknow",,,Not Mentioned, Lucknow,Uttar Pradesh,Private,₹84 K,,
"Institute of Leather Technology, Chennai",,,Not Mentioned, Chennai,Tamil Nadu,Public/Govt,,,
"NC Polytechnic, Azamgarh",,,Not Mentioned, Azamgarh,Uttar Pradesh,Private,,,
"RB Gautam Polytechnic College, Hathras",,,Not Mentioned, Hathras,Uttar Pradesh,Private,,,
"Thiru Ramakrishna Nallammai Polytechnic College, Tiruppur",,,Not Mentioned, Tiruppur,Tamil Nadu,Private,,,
"Thirumagal Polytechnic College, Kanchipuram",,,Not Mentioned, Kanchipuram,Tamil Nadu,Private,,,
"Department of Chemical Technology, Dr Babasaheb Ambedkar Marathwada University, Aurangabad",,,Not Mentioned, Aurangabad,Maharashtra,Public/Govt,₹79.20 K,,
"Faculty of Technology, National Defence Academy, Pune",,,Not Mentioned, Pune,Maharashtra,Public/Govt,,,
"Ganga Memorial College of Polytechnic, Nalanda",,,Not Mentioned, Nalanda,Bihar,Private,₹1.90 Lakhs,,
"Meenakshi Krishnan Polytechnic College, Chennai",,,Not Mentioned, Chennai,Tamil Nadu,Private,,,
"Sri Annamalai Polytechnic College, Villupuram",,,Not Mentioned, Padur,Tamil Nadu,Private,,,
"Sita Rajaram Polytechnic College, Karur",,,Not Mentioned, Karur,Tamil Nadu,Private,,,
"SSM Polytechnic College, Namakkal",,,Not Mentioned, Komarapalayam,Tamil Nadu,Private,,,
"Srinivasa Polytechnic College, Pudukkottai",,,Not Mentioned, Keeranur,Tamil Nadu,Private,,,
"Seikalathur Kamatchi Amman Polytechnic College, Sivagangi",,,Not Mentioned, Seikalathur,Tamil Nadu,Private,₹1.05 Lakhs,,
"YRS Polytechnic College, Moga",,,Not Mentioned, Moga,Punjab,Private,₹87.45 K,,
"Mehr Chand Polytechnic College, Jalandhar",,,Not Mentioned, Jalandhar,Punjab,Private,₹94.57 K,,
"Thapar Polytechnic College, Patiala",2.2,2,Not Mentioned, Patiala,Punjab,Private,,,
"Guru Brahmanand Ji Government Polytechnic, Nilokheri",4.0,2,Not Mentioned, Nilokheri Ruralpart,Haryana,Public/Govt,,,
"CDL Government Polytechnic, Sirsa",,,Not Mentioned, Nathusari Chopta,Haryana,Public/Govt,₹8.55 K,,
"Shree Ram Institute of Technical Education, Panchkula",,,Not Mentioned, Haripur,Haryana,Private,,,
"Hindu Institute of Technology, Sonepat",,,Not Mentioned, Sonipat,Haryana,Private,₹93.17 K,,
"BCM Polytechnic, Jhajjar",,,Not Mentioned, Jhajjar,Haryana,Private,,,
"Vidya Sagar Polytechnic, Sangrur",,,Not Mentioned, Daulatpur,Punjab,Private,,,
"HSM Polytechnic, Panipat",,,Not Mentioned, Israna,Haryana,Private,₹81 K,,
"Metis Institute of Polytechnic, Jind",,,Not Mentioned, Safidon,Haryana,Private,,,
"Karnal Institute of Polytechnic, Karnal",,,Not Mentioned, Mehmadpur,Haryana,Private,₹90 K,,
"Shaheed Bhagat Singh Polytechnic For Engineering, Yamunanagar",,,Not Mentioned, Jaroda,Haryana,Private,₹66 K,,
"Shri Shivaji Polytechnic Institute, Parbhani",,,Not Mentioned, Parbhani,Maharashtra,Private,,,
"Government Polytechnic, Jalgaon",4.0,1,Not Mentioned, Jalgaon,Maharashtra,Public/Govt,,,
"KK Wagh College of Agricultural Biotechnology, Nashik",,,Not Mentioned, Nashik,Maharashtra,Private,₹4.30 Lakhs,,
"Shri Gulabrao Deokar College of Architecture, Jalgaon",,,Not Mentioned, Jalgaon,Maharashtra,Private,,,
"University School of Architecture and Planning, Delhi",4.0,3,Not Mentioned, New Delhi,Delhi,Public/Govt,,,
"Vasantdada Patil Pratishthan's Manohar Phalke College of Architecture, Mumbai",,,Not Mentioned, Mumbai,Maharashtra,Private,,,
"Vishwaniketan College of Architecture, Art and Design, Raigad",,,Not Mentioned, Raigad,Maharashtra,Private,,,
"Malda Polytechnic, Malda",5.0,1,Not Mentioned, Malda,West Bengal,Public/Govt,,,
"Rishihood University, Sonipat",,,Not Mentioned, Sonipat,Haryana,Private,₹14.90 Lakhs,,
"New LJ Institute of Engineering and Technology, Ahmedabad",,,Not Mentioned, Ahmedabad,Gujarat,Private,₹3.14 Lakhs,,
"Bir Tikendrajit University, Imphal",,,Not Mentioned, Imphal,Manipur,Private,,,
"SRM Institute of Science and Technology, Tiruchirappalli",4.6,1,Not Mentioned, Tiruchirappalli,Tamil Nadu,Private,₹9 Lakhs,17 ,
"Himalayiya University, Dehradun",4.0,1,Not Mentioned, Dehradun,Uttarakhand,Private,,,
"Vidyashilp University, Bengaluru",,,Not Mentioned, Bangalore,Karnataka,Private,,,
"YWCA Women's Training institute, Delhi",,,Not Mentioned, New Delhi,Delhi,Private,₹42.86 K,,
"YWCA Vocational Training Institute, Delhi",,,Not Mentioned, New Delhi,Delhi,Private,,,
"Faculty of Technology and Engineering, Maharaja Sayajirao University of Baroda, Vadodara",,,Not Mentioned, Vadodara,Gujarat,Public/Govt,,,
"School of Studies in Engineering and Technology, Guru Ghasidas Vishwavidyalaya, Bilaspur",4.0,1,Not Mentioned, Bilaspur,Chhattisgarh,Public/Govt,,,
"Department of Computer Science and Applications, Maharshi Dayanand University, Rohtak",,,Not Mentioned, Rohtak,Haryana,Public/Govt,₹1.46 Lakhs,,
"School of Studies in Electronics and Photonics, Pt Ravishankar Shukla University, Raipur",,,Not Mentioned, Raipur,Chhattisgarh,Public/Govt,,,
"Department of Electronic Science, Kurukshetra University, Kurukshetra",5.0,1,Not Mentioned, Kurukshetra,Haryana,Public/Govt,,,
"Navsarjan School of Technology, Gandhinagar",,,Not Mentioned, Gandhinagar,Gujarat,Private,,,
"Institute of Computer Science, Vikram University, Ujjain",,,Not Mentioned, Ujjain,Madhya Pradesh,Public/Govt,₹26.54 K,,
"Gokaraju Lailavathi Womens Engineering College, Hyderabad",4.0,1,Not Mentioned, Hyderabad,Telangana,Private,₹2.80 Lakhs,,
"Asansol Polytechnic, Bardhaman",,,Not Mentioned, Burdwan,West Bengal,Public/Govt,,,
"Canning Government Polytechnic, South 24 Parganas",,,Not Mentioned, South 24 Parganas,West Bengal,Public/Govt,,,
"Central Calcutta Polytechnic, Kolkata",3.0,1,Not Mentioned, Kolkata,West Bengal,Public/Govt,,,
"Springfields Engineering College, Hyderabad",,,Not Mentioned, Hyderabad,Telangana,Private,,,
"Itahar Government Polytechnic, Uttar Dinajpur",,,Not Mentioned, North Dinajpur,West Bengal,Public/Govt,,,
"GRD Polytechnic, Dehradun",,,Not Mentioned, Dehradun,Uttarakhand,Private,₹1.85 Lakhs,,
